"NUTS_ID","area_m2","area_km2"
"FR",549047571357.883,549047.571357883
"HR",56586707487.2166,56586.7074872166
"HU",92967966611.3429,92967.9666113429
"AL",28662686107.134,28662.686107134
"AT",83851182723.6413,83851.1827236413
"BE",30754901778.3171,30754.9017783171
"BG",111390057933.815,111390.057933815
"CH",41055715319.4901,41055.7153194901
"CY",9240925342.13708,9240.92534213708
"CZ",78896820477.4574,78896.8204774574
"DE",357362992366.369,357362.992366369
"DK",43509389032.4574,43509.3890324574
"EE",45237608708.0815,45237.6087080815
"BE1",158893401.324035,158.893401324035
"BE2",13660780302.1818,13660.7803021818
"BE3",16935228074.8113,16935.2280748113
"BG3",68434187761.8982,68434.1877618982
"BG4",42955870171.9172,42955.8701719172
"CH0",41055715319.4901,41055.7153194901
"CY0",9240925342.13708,9240.92534213708
"CZ0",78896820477.4574,78896.8204774574
"EL",131431908715.807,131431.908715807
"IE",69616968947.579,69616.968947579
"ES",505990519021.073,505990.519021073
"FI",338571327844.586,338571.327844586
"IS",102324965158.299,102324.965158299
"PT2",2364163750.36041,2364.16375036041
"PT",92527137912.8978,92527.1379128978
"RO",238022421817.812,238022.421817812
"RS",77235846508.4112,77235.8465084112
"SE",452650261474.945,452650.261474945
"SI",20147953048.9329,20147.9530489329
"SK",48918809255.6755,48918.8092556755
"TR",779854213386.388,779854.213386388
"AL0",28662686107.134,28662.686107134
"AT1",23651612301.1472,23651.6123011472
"AT2",25780055035.9227,25780.0550359227
"AT3",34419515386.5713,34419.5153865713
"PL5",29430187542.4489,29430.1875424489
"PL6",60391922219.7826,60391.9222197826
"PL7",29984412384.3592,29984.4123843592
"PL8",63360095263.491,63360.095263491
"UK",243927311480.38,243927.31148038
"EL6",58699338777.3528,58699.3387773528
"NO",398026940289.799,398026.940289799
"ES1",45381956723.6944,45381.9567236944
"DE1",36049935889.2596,36049.9358892596
"PL9",35407579955.1699,35407.5799551699
"PT1",89259061582.0875,89259.0615820875
"EL4",17115164382.7712,17115.1643827712
"DE6",770536849.767724,770.536849767724
"DE7",21066689631.9433,21066.6896319433
"DE8",23182448870.7359,23182.4488707359
"DE9",47831539354.2111,47831.5393542111
"DEA",34210295815.8855,34210.2958158855
"DEB",19918280035.8154,19918.2800358154
"DEC",2519279514.50904,2519.27951450904
"DED",18453070469.9775,18453.0704699775
"DEE",20709181080.8652,20709.1810808652
"DEF",15532359895.6336,15532.3598956336
"DEG",16101450093.9201,16101.4500939201
"IT",302150239982.929,302150.239982929
"LI",160106570.525093,160.106570525093
"LT",64584454298.8793,64584.4542988793
"LU",2627480254.72339,2627.48025472339
"LV",64646543720.7183,64646.5437207183
"ME",13968864824.1021,13968.8648241021
"MK",25392523403.8038,25392.5234038038
"MT",275536525.21658,275.53652521658
"NL",37212375411.459,37212.375411459
"PT3",903912580.449929,903.912580449929
"RO1",68331995695.8066,68331.9956958066
"RO2",72276800385.4037,72276.8003854037
"RO3",36198081711.7634,36198.0817117634
"RO4",61215544024.8381,61215.5440248381
"RS1",24624920596.472,24624.920596472
"EL5",51614946475.4524,51614.9464754524
"DE2",70328081594.1603,70328.0815941603
"DE3",879875033.943927,879.875033943927
"DE4",29424156315.2814,29424.1563152814
"DE5",385811920.459271,385.811920459271
"DK0",43509389032.4574,43509.3890324574
"EE0",45237608708.0815,45237.6087080815
"EL3",4002459080.23093,4002.45908023093
"PL",312484945840.698,312484.945840698
"FRI",84991320365.5942,84991.3203655942
"FRJ",73370097884.4147,73370.0978844147
"FRK",71215966979.0122,71215.9669790122
"FRL",31750296828.4116,31750.2968284116
"FRM",8522564487.69874,8522.56448769874
"HR0",56586707487.2166,56586.7074872166
"HU1",6900720808.86579,6900.72080886579
"HU2",36512203348.2922,36512.2033482922
"HU3",49555042454.185,49555.042454185
"IE0",69616968947.579,69616.968947579
"IS0",102324965158.299,102324.965158299
"ITC",57994545513.0463,57994.5455130463
"ITF",73746721014.981,73746.721014981
"ITG",49961139734.745,49961.139734745
"ITH",62227078668.6604,62227.0786686604
"ITI",58220755051.4962,58220.7550514962
"LI0",160106570.525093,160.106570525093
"NO0",398026940289.799,398026.940289799
"CZ05",12392903594.6341,12392.9035946341
"CZ06",13937457492.3019,13937.4574923019
"CZ07",9124548530.46673,9124.54853046673
"CZ08",5433306853.97699,5433.30685397699
"DE11",10484410337.1953,10484.4103371953
"DE12",6773764654.52115,6773.76465452115
"DE13",9432948926.73085,9432.94892673085
"DE14",9358811970.81232,9358.81197081232
"DE21",17456693719.5147,17456.6937195147
"DE22",10089628136.5653,10089.6281365653
"DE23",9751010838.06183,9751.01083806183
"DE24",7213726189.37059,7213.72618937059
"DE25",7368478581.15944,7368.47858115944
"DE26",8410597702.18594,8410.59770218594
"DE27",10037946427.3026,10037.9464273026
"DE30",879875033.943927,879.875033943927
"DEC0",2519279514.50904,2519.27951450904
"DED2",7962267668.98164,7962.26766898164
"DED4",6684921407.06626,6684.92140706626
"DED5",3805881393.92961,3805.88139392961
"DEE0",20709181080.8652,20709.1810808652
"DEF0",15532359895.6336,15532.3598956336
"DEG0",16101450093.9201,16101.4500939201
"DK01",2559456820.68395,2559.45682068395
"ES2",70237119793.0818,70237.1197930818
"ES3",7891927667.28678,7891.92766728678
"ES4",215739555427.789,215739.555427789
"ES5",60338801996.8568,60338.8019968568
"ES6",99003098905.8274,99003.0989058274
"ES7",7398058506.53636,7398.05850653636
"AT31",11966946671.6695,11966.9466716695
"AT32",7230650539.55561,7230.65053955561
"AT33",12619810249.6458,12619.8102496458
"LT0",64584454298.8793,64584.4542988793
"LU0",2627480254.72339,2627.48025472339
"LV0",64646543720.7183,64646.5437207183
"ME0",13968864824.1021,13968.8648241021
"MK0",25392523403.8038,25392.5234038038
"MT0",275536525.21658,275.53652521658
"NL1",8966577919.40522,8966.57791940522
"NL2",10833090096.0506,10833.0900960506
"NL3",10186743915.1852,10186.7439151852
"NL4",7225963480.81795,7225.96348081795
"PL2",27577827555.1273,27577.8275551273
"PL4",66332920920.3188,66332.9209203188
"CY00",9240925342.13708,9240.92534213708
"CZ01",485420144.434538,485.420144434538
"CZ02",10952510892.4152,10952.5108924152
"CZ03",17981890817.9419,17981.8908179419
"CZ04",8588782151.28599,8588.78215128599
"FI1",337265541408.55,337265.54140855
"FI2",1305786436.03543,1305.78643603543
"FR1",12267446887.6308,12267.4468876308
"FRB",39646899435.1242,39646.8994351242
"FRC",47988968269.336,47988.968269336
"FRD",30129745113.7803,30129.7451137803
"FRE",31732652351.7593,31732.6523517593
"FRF",57633597060.0231,57633.5970600231
"FRG",32386361776.5101,32386.3617765101
"FRH",27411653918.5882,27411.6539185882
"SI0",20147953048.9329,20147.9530489329
"SK0",48918809255.6755,48918.8092556755
"TR1",5001630205.26239,5001.63020526239
"TR2",42408104658.6444,42408.1046586444
"TR3",89269205391.1078,89269.2053911078
"TR4",49374868493.0782,49374.8684930782
"TR5",75240130186.0582,75240.1301860582
"TR6",89315955450.804,89315.955450804
"DK03",12138973643.0766,12138.9736430766
"DK04",13234404983.6867,13234.4049836867
"DK05",8152879489.64545,8152.87948964545
"EE00",45237608708.0815,45237.6087080815
"EL30",4002459080.23093,4002.45908023093
"EL41",3591924379.66962,3591.92437966962
"DE40",29424156315.2814,29424.1563152814
"DE50",385811920.459271,385.811920459271
"DE60",770536849.767724,770.536849767724
"DE71",7371013954.88765,7371.01395488765
"DE72",5426832910.51307,5426.83291051307
"DE73",8268842766.54258,8268.84276654258
"DE80",23182448870.7359,23182.4488707359
"DE91",8160782980.98789,8160.78298098789
"DE92",9234731465.59958,9234.73146559958
"UKJ",18988067853.3534,18988.0678533534
"UKK",23922212227.6045,23922.2122276045
"UKL",20790111439.284,20790.111439284
"UKM",79131592600.8327,79131.5926008327
"UKN",14039846097.5866,14039.8460975866
"AL01",10763210572.0449,10763.2105720449
"AL02",5024078018.07352,5024.07801807352
"AL03",12875397517.0156,12875.3975170156
"AT11",3945170545.47981,3945.17054547981
"AT12",19367662589.6535,19367.6625896535
"AT13",338779166.013972,338.779166013972
"AT21",9393066499.17114,9393.06649917114
"AT22",16386988536.7516,16386.9885367516
"ES51",32129599176.1389,32129.5991761389
"ES52",23145026331.3302,23145.0263313302
"AT34",2602107925.7004,2602.1079257004
"BE10",158893401.324035,158.893401324035
"BE21",2943461849.02897,2943.46184902897
"BE22",2375011472.37644,2375.01147237644
"BE23",3064000173.03691,3064.00017303691
"BE24",2132471528.16664,2132.47152816664
"BE25",3145835279.5728,3145.8352795728
"BE31",1086068322.75595,1086.06832275595
"BE32",3764561304.28704,3764.56130428704
"BE33",3892058841.49081,3892.05884149081
"BE34",4413243216.36119,4413.24321636119
"BE35",3779296389.91631,3779.29638991631
"BG31",18916567861.107,18916.567861107
"BG32",14845240313.602,14845.240313602
"BG33",14705546834.9785,14705.5468349785
"BG34",19966832752.2108,19966.8327522108
"BG41",20441421666.4028,20441.4216664028
"BG42",22514448505.5144,22514.4485055144
"CH01",8732532635.72782,8732.53263572782
"TR7",91733789581.4852,91733.7895814852
"TR8",74286066529.9561,74286.0665299561
"TR9",35041286425.8458,35041.2864258458
"TRA",70639570744.2124,70639.5707442124
"TRB",81612097826.6805,81612.0978266805
"TRC",75931507893.2529,75931.5078932529
"UKC",8547517034.46672,8547.51703446672
"UKD",14184471354.0198,14184.4713540198
"UKE",15585261218.0058,15585.2612180058
"UKF",15757386323.304,15757.386323304
"UKG",12823762490.1728,12823.7624901728
"UKH",18658574706.472,18658.574706472
"UKI",1498508135.27734,1498.50813527734
"LT02",55069913672.3528,55069.9136723528
"LU00",2627480254.72339,2627.48025472339
"LV00",64646543720.7183,64646.5437207183
"ME00",13968864824.1021,13968.8648241021
"MK00",25392523403.8038,25392.5234038038
"MT00",275536525.21658,275.53652521658
"NL11",2401388802.77201,2401.38880277201
"EL42",5325633201.74636,5325.63320174636
"EL43",8197606801.35519,8197.60680135519
"EL51",14019149547.2546,14019.1495472546
"EL52",19086927947.1876,19086.9279471876
"EL53",9398095986.98982,9398.09598698982
"EL54",9110772994.02038,9110.77299402038
"DK02",7423674095.36475,7423.67409536475
"CH02",10130230725.555,10130.230725555
"CH03",1923800769.82403,1923.80076982403
"CH04",1762719186.8294,1762.7191868294
"CH05",11349255030.8964,11349.2550308964
"CH06",4369097944.59935,4369.09794459935
"CH07",2788079026.05816,2788.07902605816
"ITG2",24219795547.8229,24219.7955478229
"ITH1",7440427012.10836,7440.42701210836
"ITH2",6271767196.34041,6271.76719634041
"ITH3",18211300112.0953,18211.3001120953
"ITH4",7765334207.06506,7765.33420706506
"ITH5",22538250141.0513,22538.2501410513
"ITI1",23176508418.8874,23176.5084188874
"ITI2",8353527721.1693,8353.5277211693
"ITI3",9322996637.00224,9322.99663700224
"ITI4",17367722274.4373,17367.7222744373
"LI00",160106570.525093,160.106570525093
"LT01",9514540626.52655,9514.54062652655
"TR81",9447234577.81655,9447.23457781655
"TR82",26789279098.7032,26789.2790987032
"DE93",15551382535.5879,15551.3825355879
"DE94",14884642372.0358,14884.6423720358
"DEA1",5305397476.74438,5305.39747674438
"DEA2",7368513121.71699,7368.51312171699
"DEA3",6974215324.54161,6974.21532454161
"DEA4",6528442032.91331,6528.44203291331
"DEA5",8033727859.96925,8033.72785996925
"DEB1",8151772832.70634,8151.77283270634
"DEB2",4824132115.14148,4824.13211514148
"DEB3",6942375087.96756,6942.37508796756
"RS2",52610925911.9391,52610.9259119391
"SE1",51818779119.767,51818.779119767
"SE2",85785284093.8844,85785.2840938844
"SE3",315046198261.293,315046.198261293
"FRB0",39646899435.1242,39646.8994351242
"FRC1",31681405001.6454,31681.4050016454
"FRC2",16307563267.6906,16307.5632676906
"FRD1",17649007803.4555,17649.0078034555
"FRD2",12480737310.3247,12480.7373103247
"FRE1",12347818440.375,12347.818440375
"FRE2",19384833911.3843,19384.8339113843
"FRF1",8410314340.89055,8410.31434089055
"FRF2",25647129827.9821,25647.1298279821
"FRF3",23576152891.1505,23576.1528911505
"FRG0",32386361776.5101,32386.3617765101
"FRH0",27411653918.5882,27411.6539185882
"FRI1",42026018946.8604,42026.0189468604
"FRI2",17104275417.2723,17104.2754172723
"FRI3",25861026001.4616,25861.0260014616
"FRJ1",27823807867.7687,27823.8078677687
"FRJ2",45546290016.646,45546.290016646
"FRK1",26138161501.4049,26138.1615014049
"FRK2",45077805477.6073,45077.8054776073
"FRL0",31750296828.4116,31750.2968284116
"FRM0",8522564487.69874,8522.56448769874
"HR03",24472907832.3267,24472.9078323267
"HR02",23276928674.6252,23276.9286746252
"HU11",522913720.419641,522.913720419641
"HU12",6377807088.44615,6377.80708844615
"HU21",11174126534.8291,11174.1265348291
"HU22",11290543511.1881,11290.5435111881
"ITF6",15116578893.1375,15116.5788931375
"ITG1",25741344186.9221,25741.3441869221
"TR52",49727186763.7162,49727.1867637162
"TR61",36377911858.0749,36377.9118580749
"TR62",29481358155.225,29481.358155225
"TR63",23456685437.5041,23456.6854375041
"TR71",31709379375.6751,31709.3793756751
"TR72",60024410205.81,60024.41020581
"DE254",208711522.48262,208.71152248262
"DE255",33990405.0753444,33.9904050753444
"DE256",2031246193.1515,2031.2461931515
"DE257",661618783.631635,661.618783631635
"TR83",38049552853.4364,38049.5528534364
"TR90",35041286425.8458,35041.2864258458
"TRA1",40774155738.367,40774.155738367
"TRA2",29865415005.8454,29865.4150058454
"TRB1",37369285493.4513,37369.2854934513
"TRB2",44242812333.2292,44242.8123332292
"TRC1",15511080503.4715,15511.0805034715
"TRC2",34671515882.8108,34671.5158828108
"UKI7",457937866.070664,457.937866070664
"UKJ1",5823262794.9807,5823.2627949807
"UKJ2",5541998862.30111,5541.99886230111
"UKJ3",3940442941.39828,3940.44294139828
"UKJ4",3682363254.67334,3682.36325467334
"UKK1",7369218008.91014,7369.21800891014
"UKK2",6299346716.90613,6299.34671690613
"UKK3",3576286967.21503,3576.28696721504
"UKK4",6677360534.57316,6677.36053457316
"EL61",14127086906.5786,14127.0869065786
"EL62",2160101024.38797,2160.10102438797
"EL63",11129111904.667,11129.111904667
"EL64",15978432333.7523,15978.4323337523
"EL65",15304606607.9669,15304.6066079669
"ES11",29348895211.9838,29348.8952119838
"ES12",10583484531.7078,10583.4845317078
"ES13",5449576980.00277,5449.57698000277
"ES21",6967418432.62213,6967.41843262213
"ES22",10339515070.0299,10339.5150700299
"ES23",5025731234.84489,5025.73123484489
"ES24",47904455055.5849,47904.4550555849
"ES30",7891927667.28678,7891.92766728678
"ES41",94470266264.8967,94470.2662648967
"ES42",79469359687.5514,79469.3596875514
"ES43",41799929475.3414,41799.9294753414
"SE12",43645993695.2599,43645.9936952599
"SE21",36358715161.076,36358.715161076
"SE22",14403957743.2833,14403.9577432833
"SE23",35022611189.5251,35022.6111895251
"SE31",72257992417.2168,72257.9924172168
"HU23",14047533302.275,14047.533302275
"HU31",13287362173.6074,13287.3621736074
"HU32",17714134525.7439,17714.1345257439
"HU33",18553545754.8337,18553.5457548337
"IE04",25691601540.051,25691.601540051
"IE05",29503272819.6102,29503.2728196102
"IE06",14422094587.9177,14422.0945879177
"IS00",102324965158.299,102324.965158299
"ITC1",25505671271.1853,25505.6712711853
"ITC2",3170590674.30649,3170.59067430649
"ITC3",5421771759.11493,5421.77175911493
"ITC4",23896511808.4396,23896.5118084396
"ITF1",10960569924.0866,10960.5699240866
"ITF2",4510920776.28755,4510.92077628755
"ITF3",13649560008.055,13649.560008055
"ITF4",19391002153.0288,19391.0021530288
"ITF5",10118089260.3857,10118.0892603857
"ES53",5064176489.38761,5064.17648938761
"ES61",87729072713.2325,87729.0727132325
"ES62",11256501057.8299,11256.5010578299
"ES63",9646894.76736855,9.64689476736855
"ES64",7878239.99763959,7.87823999763958
"ES70",7398058506.53636,7398.05850653636
"FI19",65141457944.5591,65141.4579445591
"FI1B",10045141031.4083,10045.1410314083
"FI1C",35197302830.1602,35197.3028301602
"FI1D",226881639602.423,226881.639602423
"FI20",1305786436.03543,1305.78643603543
"FR10",12267446887.6308,12267.4468876308
"PL71",18184221991.3805,18184.2219913805
"PL72",11800190392.9787,11800.1903929787
"PL81",25083678684.8569,25083.6786848569
"PL82",17935726381.2983,17935.7263812983
"PL84",20340690197.3359,20340.6901973359
"PL91",6020366922.62019,6020.36692262019
"PL92",29387213032.5497,29387.2130325497
"PT11",21328753292.2121,21328.7532922121
"PT15",5047529930.61726,5047.52993061726
"DE258",295710639.794278,295.710639794278
"DE259",808512224.416594,808.512224416594
"DE25A",1279810981.47386,1279.81098147386
"DE25B",935591070.816441,935.591070816441
"DE25C",917730607.58071,917.73060758071
"DE261",42584256.6119858,42.5842566119858
"UKL2",7847633409.34159,7847.63340934159
"UKM5",6451266843.69223,6451.26684369223
"UKM6",41912278092.1969,41912.2780921969
"UKM7",13182226936.8009,13182.2269368009
"UKM8",1925802740.73955,1925.80274073955
"UKM9",15660017987.4031,15660.0179874031
"TRC3",25748911506.9706,25748.9115069706
"UKC1",2984371908.01988,2984.37190801988
"UKC2",5563145126.44684,5563.14512644684
"UKD1",6848171850.1049,6848.1718501049
"UKD3",1233486322.33786,1233.48632233786
"UKD4",3106225804.44468,3106.22580444468
"UKD6",2320405445.53471,2320.40544553471
"UKD7",676181931.597653,676.181931597653
"UKE1",3592914858.98983,3592.91485898983
"UKE2",8445621295.3788,8445.6212953788
"UKE3",1574565762.6913,1574.5657626913
"PT16",28003383578.404,28003.383578404
"PT17",3132090543.82246,3132.09054382246
"PT18",31747304237.0316,31747.3042370316
"PT20",2364163750.36041,2364.16375036041
"PT30",903912580.449929,903.912580449929
"RO11",34240328500.3215,34240.3285003215
"RO12",34091667195.4851,34091.6671954851
"RO21",36837553534.8158,36837.5535348158
"RO22",35439246850.5879,35439.2468505879
"RO31",34494410149.0625,34494.4101490625
"RO32",1703671562.70085,1703.67156270085
"RO41",29430532832.0833,29430.5328320833
"RO42",31785011192.7548,31785.0111927548
"RS11",3248588085.49884,3248.58808549884
"RS12",21376332510.9732,21376.3325109732
"RS21",26529237807.8982,26529.2378078982
"RS22",26081688104.0409,26081.6881040409
"SE11",8172785424.50713,8172.78542450713
"BG341",7853954029.68976,7853.95402968976
"BG342",3401437772.15069,3401.43777215069
"BG343",3478711216.86693,3478.71121686693
"BG344",5232729733.50341,5232.72973350341
"BG411",1185790902.91697,1185.79090291697
"BG412",7306619616.50004,7306.61961650004
"BG413",6575974593.12534,6575.97459312534
"BG414",2424030387.07185,2424.03038707185
"BG415",2949006166.78858,2949.00616678858
"BG421",5831632146.39039,5831.63214639039
"BG422",5648363392.44384,5648.36339244384
"BG423",4459941097.65931,4459.94109765931
"BG424",3374889120.35862,3374.88912035862
"BG425",3199622748.66221,3199.62274866221
"CH011",3193824506.92868,3193.82450692868
"SE32",77340753732.6163,77340.7537326163
"SE33",165447452111.46,165447.45211146
"SI03",12305367182.0355,12305.3671820355
"SI04",7842585866.89738,7842.58586689738
"SK01",2002519241.95962,2002.51924195962
"SK02",14920991650.8189,14920.9916508189
"SK03",16347938135.0128,16347.9381350128
"SK04",15647360227.8842,15647.3602278842
"TR10",5001630205.26239,5001.63020526239
"DE262",64292592.1044573,64.2925921044574
"DE263",84721563.6502649,84.7215636502649
"DE264",612461390.256211,612.461390256211
"DE265",1152071103.68266,1152.07110368266
"DE266",1000282593.01648,1000.28259301648
"DE267",904236511.890452,904.236511890452
"DE268",636132718.848801,636.132718848801
"DE269",755147776.662634,755.147776662634
"DE26A",1339088682.39434,1339.08868239434
"DE26B",892526532.534062,892.526532534062
"DE26C",927051980.533595,927.051980533595
"DE271",111379962.20553,111.37996220553
"DE272",67125897.9901782,67.1258979901781
"DE273",67298674.8807817,67.2986748807817
"DE274",66999010.7489841,66.9990107489841
"UKN0",14039846097.5866,14039.8460975866
"AL013",2371598007.03341,2371.59800703341
"AL015",3612108339.10348,3612.10833910348
"AL014",1625398375.2187,1625.3983752187
"AL011",2463361640.27798,2463.36164027798
"AL012",690744210.411319,690.744210411319
"AL021",3289266112.00522,3289.26611200522
"AL022",1734811906.0683,1734.8119060683
"AL034",3730363205.48994,3730.36320548994
"AL031",1732104705.91963,1732.10470591963
"AL032",2000225651.22409,2000.22565122409
"AL035",2503985617.48032,2503.98561748032
"AL033",2908718336.90163,2908.71833690163
"AT111",668168176.568747,668.168176568747
"AT112",1785348849.39189,1785.34884939189
"AT113",1491653519.51917,1491.65351951917
"AT121",3378752617.41256,3378.75261741256
"UKL1",12942478029.9424,12942.4780299424
"CH055",2170275759.90888,2170.27575990888
"CH056",7042670648.78276,7042.67064878276
"CH057",948787718.61453,948.78771861453
"CH061",1489966708.66533,1489.96670866533
"CH062",1089340546.49278,1089.34054649278
"CH063",860385100.517837,860.385100517837
"CH064",444803735.315547,444.803735315547
"CH065",268541849.003594,268.541849003594
"CH066",216060004.604261,216.060004604261
"CH070",2788079026.05816,2788.07902605816
"CY000",9240925342.13708,9240.92534213708
"CZ010",485420144.434538,485.420144434538
"CZ020",10952510892.4152,10952.5108924152
"CZ031",10273706743.3029,10273.7067433029
"CZ032",7708184074.63903,7708.18407463903
"CZ041",3269893369.65974,3269.89336965974
"CZ042",5318888781.62625,5318.88878162625
"CZ051",3051648076.11929,3051.64807611929
"CZ052",4726876579.60791,4726.87657960791
"CZ053",4614378938.90689,4614.37893890689
"CZ063",6697461098.74414,6697.46109874414
"CZ064",7239996393.55779,7239.99639355779
"CZ071",5155278352.58219,5155.27835258219
"CZ072",3969270177.88454,3969.27017788454
"CZ080",5433306853.97699,5433.30685397699
"DE111",182195092.088709,182.195092088709
"DE112",597047346.115687,597.047346115687
"DE113",574930394.817119,574.930394817119
"DE114",600957729.689255,600.957729689255
"DE115",717138746.452389,717.138746452389
"DE116",863889817.238413,863.889817238413
"DE117",82754741.7590837,82.7547417590837
"DE118",1212329132.219,1212.329132219
"DE119",728197973.65015,728.19797365015
"DE11A",1520896712.84638,1520.89671284638
"DE11B",1332456021.56383,1332.45602156383
"DE11C",613668717.645345,613.668717645345
"DE11D",1457947911.1099,1457.9479111099
"DE121",116999182.726785,116.999182726785
"DE122",143816197.242046,143.816197242046
"DE123",1086549376.39512,1086.54937639512
"DE124",776959912.0892,776.9599120892
"DE125",92513811.4224115,92.5138114224115
"DE126",106448814.329787,106.448814329787
"TR21",18793566868.0088,18793.5668680088
"TR22",23614537790.6356,23614.5377906356
"TR31",11458853938.0743,11458.8539380743
"TR32",31855378254.5058,31855.3782545058
"TR33",45954973198.5277,45954.9731985277
"TR41",29082689693.8216,29082.6896938216
"TR42",20292178799.2565,20292.1787992565
"TR51",25512943422.3421,25512.9434223421
"DE234",1260999307.97096,1260.99930797096
"DE235",1582451117.30396,1582.45111730396
"DE236",1334165206.71284,1334.16520671284
"DE237",1411855872.00598,1411.85587200598
"DE238",1458924198.13806,1458.92419813806
"DE239",1469933698.24517,1469.93369824517
"DE23A",1028948819.32676,1028.94881932676
"DE241",64476682.4468883,64.4766824468882
"DE242",64435269.150385,64.435269150385
"DE243",64016063.7926824,64.0160637926824
"DE244",63951325.1404203,63.9513251404203
"DE245",1192302077.44968,1192.30207744968
"DE246",1305499893.138,1305.499893138
"DE247",532328471.306896,532.328471306896
"DE248",621020461.013998,621.020461013998
"DE249",969477297.258282,969.477297258282
"DE24A",707981626.768688,707.981626768688
"DE24B",639613930.834704,639.613930834704
"DE24C",490292701.158702,490.292701158702
"DE24D",498330389.911272,498.330389911272
"DE251",86118739.1529076,86.1187391529076
"DE252",57533400.9763135,57.5334009763135
"DE253",51904012.6072374,51.9040126072374
"UKE4",1972159300.94582,1972.15930094582
"UKF1",4799145388.13708,4799.14538813709
"UKF2",5014430352.44672,5014.43035244672
"UKF3",5943810582.72017,5943.81058272017
"UKG1",6025475767.6814,6025.4757676814
"UKG2",6013963159.68021,6013.96315968021
"UKG3",784323562.811235,784.323562811235
"UKH1",12412891763.5098,12412.8917635098
"UKH2",2831091951.76409,2831.09195176409
"UKH3",3414590991.1981,3414.5909911981
"UKI3",107687272.136608,107.687272136608
"UKI4",188722485.436155,188.722485436155
"UKI5",423738386.88693,423.73838688693
"UKI6",320422124.746985,320.422124746985
"NL12",3898279083.54553,3898.27908354553
"NL13",2666910033.08768,2666.91003308768
"NL21",3404681176.99719,3404.68117699719
"NL22",5135120465.04953,5135.12046504953
"NL23",2293288454.00391,2293.28845400391
"NL31",1530849817.16524,1530.84981716524
"NL32",3475069140.24723,3475.06914024723
"NL33",3233819381.35923,3233.81938135923
"NL34",1947005576.41352,1947.00557641352
"NL41",5000534520.85829,5000.53452085829
"NL42",2225428959.95966,2225.42895995966
"PL21",15193841530.3348,15193.8415303348
"PL22",12383986024.7925,12383.9860247925
"PL41",29793364074.2471,29793.3640742471
"PL42",22519154261.0353,22519.1542610353
"PL43",14020402585.0364,14020.4025850364
"PL51",20031221207.1192,20031.2212071192
"PL52",9398966335.32966,9398.96633532966
"PL61",18062698473.3802,18062.6984733802
"PL62",24110208589.3251,24110.2085893251
"PL63",18219015157.0773,18219.0151570773
"DK032",8786287711.12683,8786.28771112683
"DK041",7207933282.9514,7207.9332829514
"DK042",6026471700.73525,6026.47170073525
"DK050",8152879489.64545,8152.87948964545
"EE001",4284384163.57779,4284.38416357779
"EE004",11186814634.7384,11186.8146347384
"EE009",9138876038.27913,9138.87603827913
"DEA16",81265196.4504224,81.2651964504224
"DEA17",80022958.2195214,80.0229582195214
"DEA18",57323545.3587692,57.3235453587692
"DEA19",65629448.8371674,65.6294488371674
"DEA1A",142983032.81546,142.98303281546
"DEA1B",1278720568.09245,1278.72056809245
"DE127",1078627364.9429,1078.6273649429
"DE128",1043206260.7024,1043.2062607024
"DE129",59419298.7590433,59.4192987590433
"DE12A",877488628.003863,877.488628003862
"DE12B",536692392.062626,536.692392062626
"DE12C",855043415.844969,855.043415844969
"DE131",85711078.4943691,85.7110784943691
"DE132",1355148175.13879,1355.14817513879
"DE133",765028831.395006,765.028831395006
"DE134",1900042765.83047,1900.04276583047
"DE135",770081907.42769,770.08190742769
"DE136",1016610779.52367,1016.61077952367
"DE137",709144668.207765,709.144668207765
"DE138",894626964.998886,894.626964998886
"DE139",834619364.502413,834.619364502413
"DE13A",1101934391.2118,1101.9343912118
"DE141",1160936757.86438,1160.93675786438
"DE142",497753593.003827,497.753593003827
"DE143",966283413.30794,966.28341330794
"DE144",97020896.6070762,97.0208966070762
"DE145",1427664145.52428,1427.66414552428
"DE146",1332197839.71068,1332.19783971068
"DE147",934173774.774906,934.173774774906
"DE148",1702220021.26674,1702.22002126674
"DE149",1240561528.75249,1240.56152875249
"DE211",101966559.864635,101.966559864635
"DE212",286453812.58426,286.45381258426
"DE213",67155770.498966,67.155770498966
"DE214",534373189.895619,534.373189895619
"DE215",789992273.178559,789.992273178559
"DE216",1072601400.14056,1072.60140014056
"DE217",603951515.378482,603.951515378482
"DE218",446622383.064395,446.622383064395
"DE219",1292533987.81115,1292.53398781115
"DE21A",845214091.582459,845.214091582459
"DE21B",791837541.155241,791.837541155242
"DE21C",408028116.18789,408.02811618789
"DE21D",961890296.17569,961.89029617569
"DE21E",817582944.760367,817.582944760367
"DE21F",826676692.274305,826.676692274305
"DE21G",836806984.789559,836.806984789559
"DE21H",773233297.920674,773.233297920674
"DE21I",728110484.451639,728.110484451639
"DE21J",744449275.116468,744.449275116468
"DE21K",1490642646.77276,1490.64264677276
"DE21L",450629650.195319,450.629650195319
"DE21M",1542350002.27194,1542.35000227194
"DE21N",1043590803.44375,1043.59080344375
"DE221",66276777.4494014,66.2767774494014
"DE222",58193403.9700907,58.1934039700907
"DE223",65832277.8983252,65.8322778983252
"DE224",871648489.887363,871.648489887363
"DE225",912522022.056583,912.522022056583
"DE226",1033764222.08587,1033.76422208587
"DE227",1303862913.52432,1303.86291352432
"DE228",1509932091.56428,1509.93209156428
"DE229",940291617.630094,940.291617630094
"DE22A",1250668454.45158,1250.66845445158
"DE22B",1105041574.44282,1105.04157444282
"DE22C",971594291.604556,971.594291604556
"DE231",65093357.1303155,65.0933571303155
"DE232",73870080.042267,73.870080042267
"DE233",64769181.1855216,64.7691811855216
"DEE0B",1475604657.78326,1475.60465778326
"DEE0C",1429057992.50375,1429.05799250375
"DEE0D",2448928470.29626,2448.92847029626
"DEE0E",2026765403.66901,2026.76540366901
"DEF01",46898998.085038,46.898998085038
"DEF02",92793377.9515533,92.7933779515533
"DEF03",220107285.576768,220.107285576768
"DEF04",58635060.6549539,58.6350606549539
"DEF05",1457713429.26803,1457.71342926803
"EL422",2631718132.88144,2631.71813288144
"EL431",2541287467.51534,2541.28746751534
"EL432",1664245555.94182,1664.24555594182
"EL433",1470320682.57875,1470.32068257875
"EL434",2521753095.31927,2521.75309531927
"EL511",4169451253.30862,4169.45125330862
"EL512",1770287896.44783,1770.28789644783
"EL513",2471253563.14638,2471.25356314638
"EL514",3482217081.49721,3482.21708149721
"EL515",2125939752.85457,2125.93975285457
"EL521",1743471677.43057,1743.47167743057
"AT122",3444432332.04832,3444.43233204832
"AT123",1172714531.88431,1172.71453188431
"AT124",4545409076.68903,4545.40907668903
"AT125",2495193550.19024,2495.19355019024
"AT126",2717204835.58903,2717.20483558903
"AT127",1613955645.83997,1613.95564583997
"AT130",338779166.013972,338.779166013972
"AT211",1950367483.66,1950.36748366
"AT212",4003156628.73047,4003.15662873047
"AT213",3439542386.78066,3439.54238678066
"AT221",1142726194.87443,1142.72619487443
"AT222",3341410603.11738,3341.41060311738
"AT223",3183409582.47126,3183.40958247126
"AT224",3382304251.12463,3382.30425112463
"AT225",2270372203.35536,2270.37220335536
"AT226",3066765701.80855,3066.76570180855
"AT311",2874418428.9799,2874.4184289799
"AT312",1750040278.18618,1750.04027818618
"AT313",2609751850.60697,2609.75185060697
"AT314",2239156398.87192,2239.15639887192
"AT315",2493579715.02456,2493.57971502456
"AT321",955190333.435328,955.190333435328
"AT322",4476991189.1642,4476.9911891642
"AT323",1798469016.95609,1798.46901695609
"AT331",1271121637.38088,1271.12163738088
"AT332",2042458411.15597,2042.45841115597
"AT333",1982999499.26285,1982.99949926285
"AT334",3291692276.44937,3291.69227644937
"AT335",4031538425.3967,4031.5384253967
"AT341",1815678548.00207,1815.67854800207
"AT342",786429377.698331,786.429377698331
"BE100",158893401.324035,158.893401324035
"BE211",1045666752.37894,1045.66675237894
"BE212",458238489.98386,458.23848998386
"BE213",1439556606.66617,1439.55660666617
"BE224",874915187.750715,874.915187750716
"BE225",856003457.305588,856.003457305588
"BE223",644092827.320138,644.092827320138
"BE231",436353437.368242,436.353437368242
"BE232",379581812.59154,379.58181259154
"BE233",330173721.642336,330.173721642336
"BE234",1012512607.39067,1012.51260739067
"BE235",461634513.149179,461.634513149179
"BE236",443744080.89494,443.74408089494
"BE241",975756797.773173,975.756797773173
"BE242",1156714730.39346,1156.71473039346
"BE251",637971807.20963,637.97180720963
"BE252",319574891.276365,319.574891276365
"BE253",582091425.356327,582.091425356327
"BE254",409129230.462262,409.129230462262
"BE255",316945032.733364,316.945032733364
"BE256",283575524.496038,283.575524496038
"BE257",298891084.1997,298.8910841997
"BE258",297656283.839116,297.656283839116
"BE310",1086068322.75595,1086.06832275595
"BE32A",687942469.327496,687.942469327496
"BE32B",502936867.027829,502.936867027829
"BE323",543113193.995284,543.113193995284
"BE328",659300534.053099,659.300534053099
"BE32C",399244018.621197,399.244018621197
"BE32D",745271698.478222,745.271698478222
"BE331",704424377.127279,704.424377127279
"BE332",789337044.873636,789.337044873635
"BE334",380326524.701011,380.326524701011
"BE335",1222305280.686,1222.305280686
"BE336",795665614.102885,795.665614102885
"BE341",308351389.267688,308.351389267688
"BE342",1095669259.66536,1095.66925966536
"BE343",911830443.071668,911.830443071668
"BE344",1266793795.78135,1266.79379578135
"BE345",830598328.57513,830.59832857513
"BE351",1706910001.41664,1706.91000141664
"BE352",1088486704.71311,1088.48670471311
"BE353",983899683.786565,983.899683786565
"BG311",3059868546.55048,3059.86854655048
"BG312",3540249247.27922,3540.24924727922
"BG313",3605105529.14546,3605.10552914546
"BG314",4538954807.21078,4538.95480721078
"BG315",4172389730.92103,4172.38973092103
"BG321",4694242981.0097,4694.2429810097
"BG322",1963567124.91985,1963.56712491985
"BG323",2887938323.15595,2887.93832315595
"BG324",2399889966.38172,2399.88996638172
"BG325",2899601918.13478,2899.60191813478
"BG331",3750864366.14787,3750.86436614787
"BG332",4902645340.94737,4902.64534094737
"BG333",3395863851.07445,3395.86385107445
"BG334",2656173276.8088,2656.1732768088
"DED51",235110846.599804,235.110846599804
"DED52",1610033045.15257,1610.03304515257
"DED53",1960737502.17724,1960.73750217724
"DEE01",201667814.66998,201.66781466998
"DEE02",130826172.600113,130.826172600113
"DEE03",166877389.397225,166.877389397225
"DEE04",2257306553.19937,2257.30655319937
"DEE05",1530049789.23529,1530.04978923529
"DEE06",1554742501.56834,1554.74250156834
"DEE07",2423618750.98213,2423.61875098213
"DEE08",1478251454.72499,1478.25145472499
"DEE09",2075536865.88396,2075.53686588396
"DEE0A",1509947264.3515,1509.9472643515
"FRJ13",6247985936.12101,6247.98593612101
"FRJ14",5106503378.6845,5106.5033786845
"FRJ15",4114818951.88017,4114.81895188017
"FRJ21",4991131171.7477,4991.1311717477
"DEF06",1265971646.48318,1265.97164648318
"DEF07",1971977034.90772,1971.97703490772
"DEF08",1296019381.50109,1296.01938150109
"DEF09",673665021.343793,673.665021343793
"DEF0A",1042489174.0546,1042.4891740546
"DEF0B",2231132014.49821,2231.13201449821
"DEF0C",1968588161.24452,1968.58816124452
"DEF0D",1367985595.96101,1367.98559596101
"DEF0E",1041379310.49851,1041.37931049851
"DEF0F",797004403.604578,797.004403604578
"DEG01",273571975.477958,273.571975477958
"DEG02",107442274.18288,107.44227418288
"DEG03",95115712.0418508,95.1157120418508
"DEG04",81937417.2657026,81.9374172657026
"DEG05",83771238.7375928,83.7712387375928
"DEG06",958455637.780703,958.455637780703
"DEG07",770595368.052319,770.595368052319
"DEG09",951766514.518637,951.766514518637
"DEG0A",996798391.486435,996.798391486435
"DEG0B",1316102702.01851,1316.10270201851
"DEG0C",877140350.063988,877.140350063988
"DEG0D",807675621.711021,807.675621711021
"DEG0E",916268683.543423,916.268683543423
"DEG0F",827193575.168427,827.193575168427
"DEG0G",783545129.627388,783.545129627388
"DEG0H",444220046.645237,444.220046645237
"DEG0I",1055893058.29359,1055.89305829359
"DEG0J",862459693.084859,862.459693084859
"DEG0K",1103884868.54716,1103.88486854716
"DEG0L",829662715.919561,829.662715919561
"DEG0M",571166762.294859,571.166762294859
"DEG0N",74700266.1958839,74.7002661958839
"DEG0P",1312082091.26211,1312.08209126211
"DK011",167820195.927851,167.820195927851
"DK012",306842479.804212,306.842479804212
"EL421",2693915068.86492,2693.91506886492
"CH012",5319441209.4122,5319.4412094122
"CH013",219266919.386943,219.266919386943
"CH021",6068160076.04955,6068.16007604955
"CH022",1701763884.1194,1701.7638841194
"CH023",773488776.294223,773.488776294223
"CH024",832016682.050117,832.016682050117
"CH025",754801307.041688,754.801307041688
"CH031",18927805.8187288,18.9278058187288
"CH032",480997723.036725,480.997723036725
"CH033",1423875240.96857,1423.87524096857
"CH040",1762719186.8294,1762.7191868294
"CH051",695120760.291288,695.120760291288
"CH052",221740399.481049,221.740399481049
"CH053",173984221.213846,173.984221213846
"CH054",96675522.6040632,96.6755226040632
"EL522",3801839082.20932,3801.83908220932
"EL523",2498438195.26149,2498.43819526149
"EL524",2518804960.13236,2518.80496013236
"EL525",1603083467.79563,1603.08346779563
"EL526",3938212342.72221,3938.21234272221
"EL527",2983078221.63604,2983.07822163604
"EL531",5751515739.66539,5751.51573966539
"EL532",1718056730.67421,1718.05673067421
"EL533",1928523516.65022,1928.52351665022
"EL541",2545191393.26414,2545.19139326414
"EL542",1581289007.72956,1581.28900772956
"EL543",4984292593.02668,4984.29259302668
"EL611",6008925181.76022,6008.92518176022
"EL612",5426287059.6439,5426.2870596439
"EL613",2691874665.17447,2691.87466517447
"DK013",1493441539.2009,1493.4415392009
"DK014",591352605.750979,591.352605750979
"DK021",861123472.345716,861.123472345716
"DK022",6562550623.01903,6562.55062301903
"DK031",3352685931.94981,3352.68593194981
"DE943",93858417.3512155,93.8584173512155
"DE944",85047754.2712653,85.0477542712653
"DE945",71573226.8637123,71.5732268637123
"DE946",786206830.368088,786.206830368088
"DE947",1280069827.95859,1280.06982795859
"DE948",1442275966.9331,1442.2759669331
"DE949",2899424873.45794,2899.42487345794
"DE94A",584701724.59773,584.70172459773
"DE94B",976525601.78361,976.52560178361
"DE94C",1146368406.96259,1146.36840696259
"DE94D",1065630514.63931,1065.63051463931
"DE94E",2111771175.92121,2111.77117592121
"DE94F",748703025.196047,748.703025196047
"DE94G",858028654.69938,858.02865469938
"DE94H",590440083.127202,590.440083127202
"DEA11",190000235.836139,190.000235836139
"DEA12",210334924.702787,210.334924702787
"DEA13",212231867.791838,212.231867791839
"DEA14",111927277.054088,111.927277054088
"DEA15",150327520.081435,150.327520081435
"FRK24",7964515964.30855,7964.51596430855
"FRK25",4891182380.53258,4891.18238053258
"FRK26",3133725114.96599,3133.72511496599
"FRK27",6310151231.9725,6310.1512319725
"FRK28",4768212088.35605,4768.21208835605
"DEA1C",487133915.130833,487.133915130833
"DEA1D",604530151.763861,604.530151763861
"DEA1E",560103086.630293,560.103086630293
"DEA1F",1072863747.97931,1072.86374797931
"DEA22",137530896.18926,137.53089618926
"DEA23",413951556.67828,413.95155667828
"DEA24",57176907.232628,57.176907232628
"DEA26",927766133.731411,927.766133731411
"DEA27",625518425.636786,625.518425636786
"DEA28",1311413070.52832,1311.41307052832
"DEA29",690233398.652135,690.233398652134
"DEA2A",930171438.524792,930.171438524792
"DEA2B",441803703.593764,441.803703593764
"DEA2C",1113524516.73552,1113.52451673552
"DEA2D",719423074.214091,719.423074214091
"DEA31",83306757.5559863,83.3067575559863
"DEA32",81061459.3872648,81.0614593872648
"DEA33",234690477.353827,234.690477353827
"DEA34",1501957222.06161,1501.95722206161
"DEA35",1073233554.20198,1073.23355420198
"DEA36",768693613.846151,768.693613846151
"DEA37",1854486806.92396,1854.48680692396
"DEA38",1376785433.21083,1376.78543321083
"DEA41",183422393.594691,183.422393594691
"DEA42",977500566.84886,977.50056684886
"DEA43",458547000.667347,458.547000667347
"DEA44",1195845730.50311,1195.84573050311
"DEA45",1319573509.25666,1319.57350925666
"DEA46",1138320002.05202,1138.32000205202
"DEA47",1255232829.99062,1255.23282999062
"DEA51",141397641.851267,141.397641851267
"DEA52",257629918.681541,257.629918681541
"DEA53",122325043.482885,122.325043482885
"DEA54",208276061.743564,208.276061743564
"DEA55",42287106.6654845,42.2871066654845
"DEA56",460292184.196322,460.292184196322
"DEA57",2004148172.4405,2004.1481724405
"DEA58",1046824610.83232,1046.82461083232
"DEA59",666122903.890407,666.122903890407
"DEA5A",1160844202.44671,1160.84420244671
"DEA5B",1348840508.95519,1348.84050895519
"DEA5C",574739504.78307,574.73950478307
"DEB11",69558999.9026403,69.5589999026403
"DEB12",751690147.602578,751.690147602578
"DEB13",731642693.250254,731.642693250254
"DEB14",861956283.86848,861.95628386848
"DEB15",795464791.18138,795.46479118138
"DEB17",919171388.437965,919.171388437965
"DEB18",561292112.835901,561.292112835901
"DEB1A",784667614.657826,784.667614657826
"DEB1B",1011721611.21505,1011.72161121505
"DEB1C",697659144.797585,697.659144797585
"DEB1D",966948044.956674,966.948044956674
"DEB21",129717157.976307,129.717157976307
"DEB22",1070630550.93105,1070.63055093105
"DEB23",1569704389.48201,1569.70438948201
"DEB24",962098972.55253,962.09897255253
"DEB25",1091981044.19959,1091.98104419959
"DEB31",32600325.4322992,32.6003254322992
"DEB32",128979910.253806,128.979910253806
"DEB33",74699891.0981311,74.6998910981311
"DEB34",72287054.4300906,72.2870544300906
"DEB35",63218182.6791178,63.2181826791178
"DEB36",105315894.079044,105.315894079044
"DEB37",65406876.4938173,65.4068764938173
"DEB38",31037135.7597591,31.0371357597591
"DEB39",97006334.2014784,97.0063342014784
"DEB3A",52201082.3069114,52.2010823069114
"DEB3B",647487975.392686,647.487975392686
"DEB3C",661658438.481658,661.658438481658
"DEB3D",585296588.048104,585.296588048104
"DEB3E",424112526.753906,424.112526753906
"DEB3F",634294189.808234,634.294189808234
"DEB3G",617763432.027362,617.763432027362
"DEB3H",692141128.966512,692.141128966512
"DEB3I",284815275.864988,284.815275864988
"DEB3J",692999280.903755,692.999280903755
"DEB3K",979053564.985903,979.053564985903
"DEC01",413327849.771475,413.327849771475
"DEC02",565146468.052729,565.146468052729
"DEC03",262298668.280384,262.298668280384
"DEC04",403831488.263342,403.831488263342
"DEC05",417021766.850116,417.021766850116
"DEC06",457653273.290998,457.653273290998
"DED21",289407005.027143,289.407005027143
"DED2C",2398051972.20713,2398.05197220713
"DED2D",2141225884.53579,2141.22588453579
"DED2E",1470431774.29741,1470.43177429741
"DED2F",1663151032.91417,1663.15103291417
"DED41",185776208.410711,185.776208410711
"DED42",1813227426.68355,1813.22742668355
"DED43",2220318786.04507,2220.31878604507
"DED44",1489350886.08269,1489.35088608269
"DED45",976248099.844239,976.248099844239
"ES709",2029732175.39524,2029.73217539524
"FI193",19934398149.6711,19934.3981496711
"FI194",13984648491.3836,13984.6484913836
"FI195",8070966791.0707,8070.9667910707
"FI196",8399247473.44224,8399.24747344224
"FI197",14752197038.9914,14752.1970389914
"FI1B1",10045141031.4083,10045.1410314083
"FRJ22",8665995801.70976,8665.99580170976
"FRJ23",6373837870.20478,6373.83787020478
"FRJ24",6258997678.01793,6258.99767801793
"FRJ25",5262020017.79344,5262.02001779344
"FRJ26",4527226830.08855,4527.22683008855
"FRJ27",5726296961.5667,5726.2969615667
"FRJ28",3740783685.51713,3740.78368551713
"FRK11",7332428069.86628,7332.42806986628
"FRK12",5875138895.60061,5875.13889560061
"FRK13",4934785262.72225,4934.78526272225
"FRK14",7995809273.21579,7995.80927321579
"FRK21",5804927183.17953,5804.92718317953
"FRK22",5702864231.47902,5702.86423147902
"FRK23",6502227282.81308,6502.22728281308
"EE00A",3392518729.27333,3392.51872927333
"EE008",17234820874.0228,17234.8208740228
"EL301",100435622.757817,100.435622757817
"EL302",66318884.5750325,66.3188845750325
"EL303",85428854.9838694,85.4288549838694
"EL304",83017775.7807301,83.0177757807301
"FRL01",7002309591.50004,7002.30959150004
"FRL02",5848145456.21295,5848.14545621295
"FRL03",4145098150.99857,4145.09815099857
"FRL04",5274892972.11984,5274.89297211984
"FRL05",5972702622.66068,5972.70262266068
"FRL06",3507148034.91949,3507.14803491949
"FRM01",3866005896.11545,3866.00589611545
"FRM02",4656558591.58329,4656.55859158329
"EL621",329579305.512981,329.579305512981
"EL622",523705499.424956,523.705499424956
"EL623",901322146.290061,901.322146290061
"EL624",405494073.159976,405.494073159976
"EL631",5349623440.28602,5349.62344028602
"EL632",3174916855.16481,3174.91685516481
"EL633",2604571609.21616,2604.57160921616
"EL641",2954482858.89868,2954.48285889868
"EL642",4456720636.83671,4456.72063683671
"EL643",1870699849.07944,1870.69984907944
"EL644",4578486539.825,4578.486539825
"EL645",2118042449.1125,2118.0424491125
"EL651",6682853317.06884,6682.85331706884
"EL652",2188726655.59812,2188.72665559812
"EL653",6433026635.29992,6433.02663529992
"ES111",7831890098.95544,7831.89009895544
"ES112",9805519851.68855,9805.51985168854
"ES113",7297484738.24683,7297.48473824683
"FI1D7",99042417608.9684,99042.4176089684
"FI1D8",22531481058.9806,22531.4810589806
"FI1D9",39277734338.1852,39277.7343381852
"FI200",1305786436.03543,1305.78643603543
"FR101",48903836.228523,48.903836228523
"FR102",6102635942.69264,6102.63594269264
"FR103",2313828983.69337,2313.82898369337
"FR104",1865229864.8532,1865.2298648532
"FR105",155987497.427615,155.987497427615
"FR106",298712224.972824,298.712224972824
"FR107",233719644.700339,233.719644700339
"FR108",1248428893.06227,1248.42889306227
"FRB01",7293572023.11027,7293.57202311027
"FRB02",5929571214.49712,5929.57121449712
"FRB03",6971154907.89412,6971.15490789412
"FRB04",6044911974.81099,6044.91197481099
"FRB05",6473675235.22061,6473.67523522061
"FRB06",6934014079.59103,6934.01407959103
"FRC11",8710865661.65588,8710.86566165588
"FRC12",6831842996.35006,6831.84299635006
"FRC13",8664802025.44887,8664.80202544887
"FRC14",7473894318.19058,7473.89431819058
"FRC21",5333667754.63607,5333.66775463607
"FRC22",5017218992.19421,5017.21899219421
"FRC23",5356571063.96022,5356.57106396022
"FRC24",600105456.900139,600.105456900139
"FRD11",5560347604.02555,5560.34760402555
"FRD12",6003312281.64021,6003.31228164021
"FRD13",6085347917.78978,6085.34791778978
"FRD21",6181384616.74391,6181.38461674391
"FRD22",6299352693.58078,6299.35269358078
"EL305",1504565694.59137,1504.56569459137
"EL306",1089827442.67631,1089.82744267631
"EL307",1072864804.8658,1072.8648048658
"EL411",2064910596.05825,2064.91059605825
"EL412",591832367.954918,591.832367954918
"EL413",935181415.656446,935.181415656446
"DE275",823815475.907835,823.815475907835
"DE276",1072062423.68876,1072.06242368876
"DE277",771558454.173144,771.558454173144
"DE278",810313740.400598,810.313740400598
"DE279",487180743.479258,487.180743479258
"DE27A",280687809.56998,280.687809569981
"DE27B",1334839856.61187,1334.83985661187
"DE27C",1274241035.56941,1274.24103556941
"DE27D",1330656983.14358,1330.65698314358
"DE27E",1539786358.93267,1539.78635893267
"DE300",879875033.943927,879.875033943927
"DE401",90682565.0074753,90.6825650074753
"DE402",166150279.706712,166.150279706712
"DE403",126351124.318172,126.351124318172
"DE404",161981421.597069,161.981421597069
"DE405",1497853187.41327,1497.85318741327
"DE406",2327366403.88922,2327.36640388922
"DE407",1851777083.30286,1851.77708330286
"DE408",1776937199.12159,1776.93719912159
"DE409",2059610722.36431,2059.61072236431
"DE40A",1892881073.86457,1892.88107386457
"DE40B",1234310008.92343,1234.31000892343
"DE40C",2343972236.28267,2343.97223628267
"DE40D",2554638415.87852,2554.63841587852
"DE40E",2655809227.57593,2655.80922757593
"DE40F",2033041767.07189,2033.04176707189
"DE40G",1623127212.15297,1623.12721215297
"DE40H",2039186385.66622,2039.18638566622
"DE40I",2988480001.14454,2988.48000114454
"DE501",324669313.572308,324.669313572308
"DE502",61142606.8869626,61.1426068869626
"DE600",770536849.767724,770.536849767724
"DE711",102883198.621768,102.883198621768
"DE712",249088541.83357,249.08854183357
"DE713",30936921.9406109,30.9369219406109
"DE714",152051428.476604,152.051428476604
"DE715",716771302.094095,716.771302094095
"DE716",678204913.849659,678.204913849659
"DE717",485239806.818547,485.239806818547
"DE718",437163679.785199,437.163679785199
"DE719",1450177412.67003,1450.17741267003
"DE71A",265234042.907244,265.234042907244
"DE71B",625081212.216299,625.081212216299
"DE71C",345522136.21038,345.52213621038
"DE71D",763976469.957517,763.976469957517
"DE71E",1068682887.50612,1068.68288750612
"DE721",878156187.019226,878.156187019226
"DE722",1088098612.72396,1088.09861272396
"DE723",777698611.858997,777.698611858997
"DE724",1157192330.34951,1157.19233034951
"DE725",1525687168.56137,1525.68716856137
"DE731",91960222.3434344,91.9602223434344
"DE732",1362212416.48142,1362.21241648142
"DE733",1063315994.93223,1063.31599493223
"DE734",1302569426.80974,1302.56942680974
"DE735",1526016278.5454,1526.0162785454
"DE736",1836138781.76722,1836.13878176722
"DE737",1086629645.66314,1086.62964566314
"DE803",172628138.817275,172.628138817275
"DE804",87408376.7843538,87.4083767843538
"DE80J",5556105815.61044,5556.10581561044
"DE80K",3469431854.11906,3469.43185411906
"DE80L",3123026413.68127,3123.02641368127
"DE80M",2150856950.29069,2150.85695029069
"DE80N",3869445517.56962,3869.44551756962
"DE80O",4753545803.8632,4753.5458038632
"DE911",175480074.089338,175.480074089338
"DE912",240186860.949691,240.186860949691
"DE913",165137944.38659,165.13794438659
"DE914",1653020585.94833,1653.02058594833
"DE916",1073685699.57072,1073.68569957072
"DE917",742615850.849357,742.615850849357
"DE918",1278098419.33373,1278.09841933373
"DE91A",457990816.604192,457.990816604192
"DE91B",663759509.772781,663.759509772781
"DE91C",1710807219.48316,1710.80721948316
"DE922",2001055228.23385,2001.05522823385
"DE923",779080115.111994,779.080115111994
"DE925",1288959366.84998,1288.95936684998
"DE926",647114234.457172,647.114234457172
"DE927",1426262813.35473,1426.26281335473
"DE928",712082862.195298,712.082862195298
"DE929",2380176845.39656,2380.17684539656
"DE931",1513450599.50233,1513.45059950233
"DE932",1993832474.7226,1993.8324747226
"DE933",1286077107.73983,1286.07710773983
"DE934",1304508693.06919,1304.50869306919
"DE935",1284174288.77834,1284.17428877834
"DE936",605842585.1704,605.8425851704
"DE937",2120201340.39149,2120.20134039149
"DE938",1870433914.86949,1870.43391486949
"DE939",1364110191.40919,1364.11019140919
"DE93A",1415981946.59234,1415.98194659234
"DE93B",792769393.342685,792.769393342685
"DE941",40984438.8697143,40.9844388697143
"DE942",103031849.035049,103.031849035049
"NL324",136053930.620307,136.053930620307
"NL325",97922971.7213828,97.9229717213828
"NL327",256941883.004596,256.941883004596
"NL328",357654446.429503,357.654446429503
"NL329",882904399.943049,882.904399943049
"NL332",301565756.703467,301.565756703467
"NL333",118872548.613816,118.872548613816
"NL337",327554788.300306,327.554788300306
"NL33A",519087285.045603,519.087285045603
"NL33B",501721960.688659,501.721960688659
"NL33C",1465017042.00737,1465.01704200737
"NL341",696162838.400182,696.162838400182
"NL342",1250842738.01334,1250.84273801334
"NL411",1258952083.41478,1258.95208341478
"NL412",840463403.080191,840.463403080191
"NL413",1350024004.43241,1350.02400443241
"NL414",1551095029.9309,1551.0950299309
"NL421",858007103.15849,858.00710315849
"ITF35",4902892416.73298,4902.89241673298
"ITF43",2414299927.66438,2414.29992766438
"ITF44",1923731877.13774,1923.73187713774
"ITF45",2702712699.60333,2702.71269960333
"ITF46",7059269774.53833,7059.26977453833
"ITF47",3791341326.43718,3791.34132643718
"ITF48",1499646547.64781,1499.64654764781
"ITF51",6650376730.46474,6650.37673046474
"ITF52",3467712529.92098,3467.71252992098
"ITF61",6703157296.22,6703.15729622
"FRE11",5859221125.40498,5859.22112540498
"FRE12",6488597314.97,6488.59731497
"FRE21",7433152487.93696,7433.15248793696
"FRE22",5751656523.36891,5751.65652336891
"FRE23",6200024900.0784,6200.0249000784
"FRF11",4857072887.3031,4857.0728873031
"FRF12",3553241453.58746,3553.24145358746
"FRF21",5212879780.33674,5212.87978033674
"FRF22",6118443256.7796,6118.4432567796
"FRF23",8032416380.70922,8032.41638070922
"FRF24",6283390410.15652,6283.39041015651
"FRF31",5201051176.52966,5201.05117652966
"FRF32",6236174496.22095,6236.17449622095
"FRF33",6200720090.83522,6200.72009083522
"FRF34",5938207127.56469,5938.20712756469
"FRG01",6930101973.4731,6930.1019734731
"FRG02",7258114931.90817,7258.11493190817
"FRG03",5169211282.67346,5169.21128267346
"FRG04",6231265997.09735,6231.26599709735
"FRG05",6797667591.35801,6797.66759135801
"FRH01",7101592298.41657,7101.59229841657
"FRH02",6607729436.73427,6607.72943673427
"FRH03",6892732287.16301,6892.73228716301
"FRH04",6809599896.27435,6809.59989627435
"FRI11",9205123374.98061,9205.12337498061
"FRI12",10117599158.7329,10117.5991587329
"FRI13",9681720452.03749,9681.72045203749
"FRI14",5426342801.44539,5426.34280144539
"FRI15",7595233159.664,7595.233159664
"FRI21",5930823212.27925,5930.82321227925
"FRI22",5622223144.46684,5622.22314446684
"FRI23",5551229060.52618,5551.22906052618
"FRI31",5894471923.2712,5894.4719232712
"FRI32",6904161988.64575,6904.16198864575
"FRI33",6109989718.87026,6109.98971887026
"FRI34",6952402370.67435,6952.40237067435
"FRJ11",6419334279.24773,6419.33427924773
"FRJ12",5935165321.83528,5935.16532183528
"NO020",52066304185.378,52066.304185378
"NO082",24583486427.2944,24583.4864272944
"NO091",17535494586.3726,17535.4945863726
"NO092",16636283938.8453,16636.2839388453
"NO0A1",9785478670.09795,9785.47867009795
"NO0A2",36195979792.8388,36195.9797928388
"ES114",4414000523.09293,4414.00052309293
"ES120",10583484531.7078,10583.4845317078
"ES130",5449576980.00277,5449.57698000277
"ES211",2960717702.40056,2960.71770240056
"ES212",1922958517.21011,1922.95851721011
"ES213",2083742213.01145,2083.74221301145
"ES220",10339515070.0299,10339.5150700299
"ES230",5025731234.84489,5025.73123484489
"ES241",15608736477.7636,15608.7364777636
"ES242",14888921429.012,14888.921429012
"ES243",17406797148.8093,17406.7971488093
"ES300",7891927667.28678,7891.92766728678
"ES411",8067852214.7125,8067.8522147125
"ES412",14322448979.7498,14322.4489797498
"ES413",15632210380.301,15632.210380301
"ES414",8089202121.48266,8089.20212148266
"ES415",12315448248.4793,12315.4482484793
"ES416",6973117836.19839,6973.11783619839
"ES417",10395220869.2553,10395.2208692553
"ES418",7985722747.4073,7985.7227474073
"ES419",10689042867.3104,10689.0428673104
"ES421",15130511991.516,15130.511991516
"ES422",19649915640.5394,19649.9156405394
"ES423",17065054839.5781,17065.0548395781
"ES424",12203647218.5463,12203.6472185463
"ES425",15420229997.3715,15420.2299973715
"ES431",21872806606.8693,21872.8066068693
"ES432",19927122868.4721,19927.1228684721
"ES511",7809611290.81433,7809.61129081433
"ES512",5859301495.2357,5859.3014952357
"ES513",12132290789.7291,12132.2907897291
"ES514",6328395600.35976,6328.39560035976
"ES521",5816002790.84397,5816.00279084397
"ES522",6638730086.13812,6638.73008613812
"ES523",10690293454.3481,10690.2934543481
"ES531",730376046.031651,730.376046031651
"ES532",3640690548.93577,3640.69054893577
"ES533",693109894.420191,693.109894420191
"ES611",8759541233.20145,8759.54123320145
"ES612",7364249005.22753,7364.24900522753
"ES613",13832745668.404,13832.745668404
"ES614",12749407801.9476,12749.4078019476
"ES615",10118000224.2828,10118.0002242828
"ES616",13556471335.4318,13556.4713354318
"ES617",7450843121.30031,7450.84312130032
"ES618",13897814323.437,13897.814323437
"ES620",11256501057.8299,11256.5010578299
"ES630",9646894.76736855,9.64689476736855
"ES640",7878239.99763959,7.87823999763958
"ES703",267613660.486203,267.613660486203
"ES704",1635101820.32942,1635.10182032942
"ES705",1549639212.13115,1549.63921213115
"ES706",369761595.858289,369.761595858289
"ES707",707430662.716347,707.430662716347
"ES708",838779379.61971,838.77937961971
"SE313",19682701621.1058,19682.7016211058
"SE321",23264646112.0633,23264.6461120633
"SE322",54076107620.553,54076.107620553
"SE331",59211495836.9762,59211.4958369762
"SE332",106235956274.484,106235.956274484
"SI031",1369243050.35176,1369.24305035176
"LT021",5354887933.60284,5354.88793360284
"LT022",8005586280.16219,8005.58628016219
"LT023",4856026127.47062,4856.02612747062
"LT024",4414197616.25557,4414.19761625557
"LT025",7887175839.23461,7887.17583923461
"LT026",8497085611.00062,8497.08561100062
"LT027",4448765827.19305,4448.76582719305
"LT028",4248228027.6453,4248.2280276453
"LT029",7357960409.78799,7357.96040978799
"LU000",2627480254.72339,2627.48025472339
"LV003",13643439704.0707,13643.4397040707
"LV005",14558819819.9747,14558.8198199747
"LV006",270431760.417228,270.431760417228
"LV007",10148982368.7561,10148.9823687561
"LV008",15269579521.0773,15269.5795210773
"LV009",10755290546.4223,10755.2905464223
"ME000",13968864824.1021,13968.8648241021
"MK001",4012292881.17839,4012.29288117839
"MK002",3654215732.60586,3654.21573260586
"MK003",3604648520.75209,3604.64852075209
"MK004",2730649250.79145,2730.64925079145
"MK005",4896918998.40343,4896.91899840343
"MK006",2345689357.91794,2345.68935791794
"MK007",2373631910.48159,2373.63191048159
"MK008",1774476751.67309,1774.47675167309
"MT001",194855116.897261,194.855116897261
"MT002",80681408.3193196,80.6814083193196
"NL111",841972831.095871,841.972831095871
"NL112",191208052.238265,191.208052238265
"NL113",1368207919.43787,1368.20791943787
"FI1C1",10802274165.5904,10802.2741655904
"FI1C2",5647625239.94935,5647.62523994935
"FI1C3",6149272568.97451,6149.27256897451
"FI1C4",5705639673.72311,5705.63967372311
"FI1C5",6892491181.9228,6892.4911819228
"FI1D1",18979453378.3494,18979.4533783494
"FI1D2",20285889661.0115,20285.8896610115
"FI1D3",21500603028.9975,21500.6030289975
"FI1D5",5264060527.93016,5264.06052793016
"NO0A3",17255782765.2749,17255.7827652749
"NO060",43219877650.4446,43219.8776504446
"NL124",1505520960.66471,1505.52096066471
"NL125",1421459587.82698,1421.45958782698
"NL126",971298535.053851,971.298535053852
"NL131",995158809.827592,995.158809827592
"NL132",959560385.264123,959.560385264123
"NL133",712190837.995968,712.190837995968
"NL211",1604576295.83408,1604.57629583408
"NL212",380715925.026933,380.715925026933
"NL213",1419388956.13617,1419.38895613617
"NL221",1913739766.33723,1913.73976633723
"NL224",738474936.242468,738.474936242468
"NL225",1628711299.09807,1628.71129909807
"NL226",854194463.371758,854.194463371758
"NL230",2293288454.00391,2293.28845400391
"NL310",1530849817.16524,1530.84981716524
"NL321",1583425173.776,1583.425173776
"NL323",160166334.752394,160.166334752394
"ITC4C",1604091948.668,1604.091948668
"ITC4D",399286395.9048,399.2863959048
"ITF11",5101916647.2651,5101.9166472651
"ITF12",2085459107.55397,2085.45910755397
"ITF13",1188720866.68266,1188.72086668266
"ITF14",2584473302.58483,2584.47330258483
"ITF21",1535472404.13577,1535.47240413577
"ITF22",2975448372.15178,2975.44837215178
"ITF31",2712892963.62246,2712.89296362246
"ITF32",2044803869.06069,2044.80386906069
"ITF33",1169087281.59598,1169.08728159598
"ITF34",2819883477.04286,2819.88347704286
"SI042",2155773778.08693,2155.77377808693
"SI043",2391727824.70141,2391.72782470141
"SI044",995891749.329302,995.891749329302
"SK010",2002519241.95962,2002.51924195962
"SK021",4117720164.19685,4117.72016419685
"SK022",4452147486.43534,4452.14748643534
"SK023",6351124000.18672,6351.12400018672
"SK031",6822553152.94966,6822.55315294966
"ITF62",1763811492.95914,1763.81149295914
"ITF63",2468331614.1297,2468.3316141297
"ITF64",1093016447.46889,1093.01644746889
"ITF65",3088262042.35973,3088.26204235973
"ITG11",2477066877.31234,2477.06687731234
"ITG12",5050976238.55864,5050.97623855864
"ITG13",3253136076.39541,3253.13607639541
"ITG14",3041812934.85852,3041.81293485852
"ITG15",2155408225.41093,2155.40822541093
"ITG16",2533176233.30783,2533.17623330782
"ITG17",3635447325.61113,3635.44732561113
"ITG18",1436911992.49403,1436.91199249403
"ITG19",2157408282.97325,2157.40828297325
"ITG2D",7636847110.4162,7636.8471104162
"ITG2E",5700683704.63932,5700.68370463932
"ITG2H",6540670308.27473,6540.67030827473
"ITG2G",3087881379.58254,3087.88137958254
"ITH10",7440427012.10836,7440.42701210836
"ITH20",6271767196.34041,6271.76719634041
"ITH31",3209506612.08433,3209.50661208433
"ITH32",2655216891.95169,2655.21689195169
"ITH33",3800925643.32185,3800.92564332185
"ITH34",2508354889.92361,2508.35488992361
"ITH35",2126689114.81333,2126.68911481333
"ITH36",2086024744.59821,2086.02474459821
"ITH37",1824582215.40231,1824.58221540231
"ITH41",2277826859.88276,2277.82685988276
"ITH42",4870848966.90551,4870.84896690551
"ITH43",385256591.894469,385.256591894469
"ITH44",231401788.382323,231.401788382323
"ITH51",2570711126.12976,2570.71112612976
"ITH52",3473429073.4491,3473.4290734491
"ITH53",2339809897.64887,2339.80989764887
"ITH54",2754650523.5168,2754.6505235168
"ITH55",3623020853.81621,3623.02085381621
"ITH56",2710310862.25744,2710.31086225744
"ITH57",1838108789.54267,1838.10878954266
"ITH58",2316222273.19245,2316.22227319245
"ITH59",911986741.497991,911.986741497991
"ITI11",1150496974.45651,1150.49697445651
"ITI12",1766636049.12334,1766.63604912334
"ITI13",922146639.121849,922.146639121849
"ITI14",3507018977.07162,3507.01897707162
"ITI15",337579641.619016,337.579641619016
"ITI16",1262678256.43638,1262.67825643638
"ITI17",2510107655.60725,2510.10765560725
"ITI18",3247172848.57074,3247.17284857074
"ITI19",3882005197.37202,3882.00519737202
"ITI1A",4590666179.50868,4590.66617950868
"ITI21",6379214510.38188,6379.21451038188
"ITI22",1974313210.78742,1974.31321078742
"ITI31",2598361180.04189,2598.36118004189
"ITI32",1893000434.56414,1893.00043456414
"ITI33",2812800858.87237,2812.80085887237
"ITI34",1158951028.0088,1158.9510280088
"ITI35",859883135.515042,859.883135515042
"ITI41",3636058082.9528,3636.0580829528
"ITI42",2803911071.16667,2803.91107116667
"ITI43",5446633876.90788,5446.63387690788
"ITI44",2273724038.73213,2273.72403873213
"ITI45",3207395204.67781,3207.39520467781
"LI000",160106570.525093,160.106570525093
"LT011",9514540626.52655,9514.54062652655
"SE231",5724034925.2721,5724.0349252721
"SE232",29298576264.253,29298.576264253
"SE311",22013172680.8679,22013.1726808679
"SE312",30562118115.243,30562.118115243
"PT16D",1552789877.10476,1552.78987710476
"PT16E",4421590200.68058,4421.59020068058
"PT16F",2408028084.45596,2408.02808445596
"PT16G",3175893156.89772,3175.89315689772
"PT16H",4621124985.39819,4621.12498539819
"PT16I",3306847476.97498,3306.84747697498
"PT16J",6232036299.03595,6232.03629903595
"PT170",3132090543.82246,3132.09054382246
"PT181",5289676294.75651,5289.67629475651
"PT184",8586103736.18051,8586.10373618051
"PT185",4311470819.18471,4311.47081918471
"PT186",6065846217.37634,6065.84621737634
"PT187",7494207169.5335,7494.2071695335
"SI032",2194045247.96861,2194.04524796861
"SI033",991686918.078128,991.686918078128
"SI034",2363529358.40183,2363.52935840183
"SI035",480326634.116474,480.326634116474
"SI036",870056131.152893,870.056131152893
"SI037",2619219123.58438,2619.21912358438
"SI038",1417260718.3814,1417.26071838139
"SI041",2299192514.77975,2299.19251477975
"UKJ46",1019105232.89096,1019.10523289096
"UKK11",72961316.0288044,72.9613160288044
"NL422",688201975.128379,688.201975128379
"NL423",679219881.672794,679.219881672794
"NO081",465125966.290068,465.125966290068
"HR031",3745881324.01647,3745.88132401647
"HR032",5356443966.02909,5356.44396602909
"NO071",40788654188.7858,40788.6541887858
"NO074",76521555396.185,76521.555396185
"PL213",314089608.839869,314.089608839869
"PL214",4058853428.33051,4058.85342833051
"PL217",2700744956.14616,2700.74495614616
"PL218",3493867559.31029,3493.86755931029
"PL219",2655736263.17736,2655.73626317736
"PL21A",1970549714.53064,1970.54971453064
"RO122",5366753560.85208,5366.75356085208
"RO123",3690487768.87984,3690.48776887984
"RO124",6793633002.46716,6793.63300246716
"RO125",6633462524.17376,6633.46252417376
"RO126",5474879858.30205,5474.87985830205
"RO211",6703496663.52795,6703.49666352795
"RO212",5072711962.84256,5072.71196284256
"RO213",5396225293.64243,5396.22529364243
"RO214",5794027331.67989,5794.02733167989
"RO215",8531671456.28525,8531.67145628525
"RO216",5339420826.83768,5339.42082683768
"RO221",4774363736.97209,4774.36373697209
"RO222",5927693112.75745,5927.69311275745
"RO223",7213637760.60641,7213.63776060641
"RO224",4378582662.90437,4378.58266290437
"RO225",8290802847.4592,8290.8028474592
"RO226",4854166729.88837,4854.16672988837
"RO311",6828522067.25839,6828.52206725839
"RO312",4925555934.13508,4925.55593413508
"RO313",4004369284.85124,4004.36928485124
"RO314",3586285361.40562,3586.28536140562
"RO315",4675415157.3916,4675.4151573916
"RO316",4717409296.35627,4717.40929635627
"RO317",5756853047.66434,5756.85304766434
"RO321",232329195.584794,232.329195584794
"RO322",1471342367.11605,1471.34236711605
"RO411",7373320026.75971,7373.32002675971
"RO412",5771508067.73157,5771.50806773157
"RO413",4957288099.70915,4957.28809970915
"RO414",5578096485.43255,5578.09648543255
"RO415",5750320152.45035,5750.32015245035
"RO421",7675128975.91999,7675.12897591999
"RO422",8404903746.21196,8404.90374621196
"RO423",6943581713.26885,6943.58171326885
"RO424",8761396757.354,8761.396757354
"RS110",3248588085.49884,3248.58808549884
"RS121",2294739095.10131,2294.73909510131
"RS122",4101797400.11858,4101.79740011858
"RS123",3971016993.93092,3971.01699393092
"RS124",2371150584.62221,2371.15058462221
"RS125",1791963265.19401,1791.96326519401
"RS126",3340731135.2959,3340.7311352959
"RS127",3504934036.71027,3504.93403671027
"RS211",6104214896.02854,6104.21489602854
"HR033",3547496899.02962,3547.49689902962
"HR034",2939883425.56201,2939.88342556201
"HR035",4675827796.64249,4675.82779664249
"HR036",2802004458.53652,2802.00445853652
"HR037",1405369962.51046,1405.36996251046
"HR050",638016169.422972,638.016169422972
"HR065",3150363387.09304,3150.36338709304
"HR064",1265849336.6093,1265.8493366093
"HR062",1267584160.49769,1267.58416049769
"HR063",1795352579.63538,1795.35257963538
"HR061",719420232.795034,719.420232795034
"HR021",2582578498.97379,2582.57849897379
"HR022",1939378341.69348,1939.37834169348
"HR023",1863658108.84987,1863.65810884987
"HR024",2016726212.80158,2016.72621280158
"HR025",4247271090.53687,4247.27109053687
"HR026",2555985201.9643,2555.9852019643
"HR027",3705415136.9993,3705.4151369993
"HR028",4366201197.01736,4366.20119701736
"HU110",522913720.419641,522.913720419641
"HU120",6377807088.44615,6377.80708844615
"HU211",4406537517.00162,4406.53751700162
"HU212",2271079924.10046,2271.07992410046
"HU213",4496509093.72702,4496.50909372702
"HU221",4126653425.31688,4126.65342531688
"HU222",3447681333.47682,3447.68133347682
"HU223",3716208752.39445,3716.20875239445
"HU231",4419894403.04027,4419.89440304027
"HU232",6034012305.44928,6034.01230544928
"HU233",3593626593.78542,3593.62659378542
"HU311",7136550903.77902,7136.55090377902
"HU312",3663007981.04009,3663.00798104009
"HU313",2487803288.78825,2487.80328878825
"HU321",6281822927.65807,6281.82292765807
"HU322",5470644348.41429,5470.64434841429
"HU323",5961667249.67152,5961.66724967152
"HU331",8480736951.47613,8480.73695147613
"HU332",5690280287.68804,5690.28028768804
"HU333",4382528515.66954,4382.52851566954
"IE041",11413091229.2654,11413.0912292654
"IE042",14278510310.7856,14278.5103107856
"IE051",10351256256.0129,10351.2562560129
"IE052",7165071753.67884,7165.07175367884
"IE053",11986944809.9185,11986.9448099185
"IE061",821314332.377948,821.314332377948
"IE062",7010006220.48476,7010.00622048476
"IE063",6590774035.05501,6590.77403505501
"IS001",914642563.230475,914.642563230475
"IS002",101410322595.069,101410.322595069
"ITC11",7126796735.94022,7126.79673594022
"ITC12",2092795403.3364,2092.7954033364
"ITC13",841196793.151551,841.196793151551
"ITC14",2323558065.82984,2323.55806582984
"ITC15",1379037721.63615,1379.03772163615
"ITC16",6919795140.4942,6919.7951404942
"ITC17",1445352384.23492,1445.35238423492
"ITC18",3377139026.56201,3377.13902656201
"ITC20",3170590674.30649,3170.59067430649
"ITC31",1100093931.37803,1100.09393137803
"ITC32",1598182506.44685,1598.18250644685
"ITC33",1840974556.20045,1840.97455620045
"ITC34",882520765.089608,882.520765089608
"ITC41",1140631333.44611,1140.63133344611
"ITC42",1294242103.19114,1294.24210319114
"ITC43",779762820.405125,779.762820405125
"ITC44",3371810346.93289,3371.81034693289
"ITC46",2694035952.31133,2694.03595231133
"ITC47",4617162444.88419,4617.16244488419
"ITC48",3062723954.56447,3062.72395456447
"ITC49",708517607.743614,708.517607743614
"ITC4A",1889304758.73837,1889.30475873837
"ITC4B",2334942141.64959,2334.94214164959
"TR510",25512943422.3421,25512.9434223421
"TR521",40682256683.2471,40682.2566832471
"TR522",9044930080.46908,9044.93008046908
"TR611",20394927462.1087,20394.9274621087
"TR612",8867941901.06551,8867.9419010655
"TR613",7115042494.90071,7115.04249490071
"TR621",14097025327.2882,14097.0253272882
"TR622",15384332827.9367,15384.3328279367
"TR631",5775407700.2554,5775.4077002554
"TR632",14476861762.6409,14476.8617626409
"UKG31",220085912.810334,220.085912810334
"UKG32",197291514.396974,197.291514396974
"UKG33",65329629.3081556,65.3296293081556
"UKG36",102481605.495151,102.481605495151
"UKG37",52883231.3500451,52.8832313500451
"UKG38",97367902.8493036,97.3679028493036
"UKG39",48883766.6012714,48.8837666012714
"UKH11",292329401.851933,292.329401851933
"UKH12",3081832482.83996,3081.83248283996
"UKH14",3825822329.45529,3825.82232945529
"UKH15",846559455.410615,846.559455410615
"UKH16",2306156972.43481,2306.15697243481
"UKH17",2060191121.5172,2060.1911215172
"RS212",2429447210.0239,2429.4472100239
"RS213",3355167395.25102,3355.16739525102
"RS214",2979907816.28771,2979.90781628771
"RS215",2721908666.10116,2721.90866610116
"RS216",2621713988.26735,2621.71398826735
"RS217",3969049192.71683,3969.04919271683
"RS218",2347828643.22171,2347.82864322171
"RS221",3578715417.11477,3578.71541711477
"RS222",3766689035.66628,3766.68903566628
"RS223",3547525323.78543,3547.52532378543
"RS224",2826294629.81348,2826.29462981348
"RS225",2732829569.31007,2732.82956931007
"RS226",2825225620.90784,2825.22562090784
"RS227",1243530934.96948,1243.53093496948
"RS228",3381858115.45002,3381.85811545002
"RS229",2179019457.02357,2179.01945702357
"SE110",8172785424.50713,8172.78542450713
"SE121",8735460640.58159,8735.46064058159
"SE122",7178115301.65442,7178.11530165442
"SE123",12666897062.8458,12666.8970628458
"SE124",9557919457.05521,9557.91945705521
"SE125",5507601233.12286,5507.60123312286
"SE211",12003915556.9665,12003.9155569665
"SE212",9102342176.95874,9102.34217695874
"SE213",11977913932.3862,11977.9139323862
"SE214",3274543494.76456,3274.54349476456
"SE221",3101382953.59014,3101.38295359014
"SE224",11302574789.6931,11302.5747896931
"UKI43",50057994.2521916,50.0579942521916
"UKI44",48770511.4950134,48.7705114950134
"UKI45",26835281.6036987,26.8352816036987
"UKI51",105933411.785533,105.933411785533
"UKI52",152415555.700975,152.415555700975
"UKI53",92492139.4306721,92.4921394306721
"UKI54",72897279.9697497,72.8972799697497
"UKI61",133199880.749899,133.199880749899
"UKI62",74883739.9970233,74.8837399970233
"UKI63",112338504.000063,112.338504000063
"UKI71",80521704.4608575,80.5217044608574
"UKI72",37457748.1251216,37.4577481251216
"UKI73",44740603.8664308,44.7406038664308
"UKI74",172678840.670808,172.678840670808
"UKI75",122538968.947446,122.538968947446
"UKJ11",1326803287.18196,1326.80328718196
"UKJ12",300532500.651761,300.532500651761
"UKJ13",1548143326.93791,1548.14332693791
"UKJ14",2647783680.20906,2647.78368020906
"UKJ21",68258614.207853,68.258614207853
"UKJ22",1719642521.63843,1719.64252163843
"UKN0F",1047113544.15154,1047.11354415154
"UKN0G",2995456024.9204,2995.4560249204
"UKK41",40386738.163369,40.386738163369
"UKK42",68520823.7349675,68.5208237349675
"UKK43",6568452972.67482,6568.45297267482
"UKL11",663618558.352547,663.618558352547
"UKL12",2580578534.78323,2580.57853478323
"UKL13",1977595824.61769,1977.59582461769
"UKL14",5719870217.77406,5719.87021777406
"UKL15",511562330.511777,511.562330511777
"UKL16",449394613.936415,449.394613936415
"UKL17",684697868.306974,684.697868306974
"UKL18",355160081.659683,355.160081659683
"UKL21",1067187269.64132,1067.18726964132
"UKL22",437255731.624818,437.255731624818
"PL224",3062362833.66723,3062.36283366723
"PL225",2438757006.69564,2438.75700669564
"PL227",1355585802.15158,1355.58580215158
"PL228",1606160139.11585,1606.16013911585
"PL229",850264313.060803,850.264313060803
"PL22A",397397846.196344,397.397846196344
"PL22B",1718597527.78429,1718.59752778429
"PL22C",954860556.120746,954.860556120746
"PL411",6415767206.65548,6415.76720665548
"PL414",6411982819.49228,6411.98281949228
"PL415",245877883.405432,245.877883405432
"PL416",5843683963.39657,5843.68396339657
"PL417",5928973818.19552,5928.97381819552
"PL418",4947078383.10186,4947.07838310186
"PL424",208682966.632419,208.682966632419
"PL426",4369203013.51359,4369.20301351359
"PL427",10366533938.8381,10366.5339388381
"PL428",7574734342.05114,7574.73434205114
"PL431",6163627548.39499,6163.62754839499
"PL432",7856775036.64143,7856.77503664143
"PL514",289006846.170705,289.006846170705
"PL515",5556574467.3406,5556.5744673406
"PL516",3486049901.56254,3486.04990156254
"PL517",4250126042.38693,4250.12604238693
"PL518",6449463949.65846,6449.46394965846
"PL523",4034958788.88619,4034.95878888619
"PL524",5364007546.44347,5364.00754644347
"PL613",2851815699.04402,2851.81569904402
"PL616",4095915311.55856,4095.91531155856
"PL617",4033405479.14554,4033.40547914554
"PL618",3333366943.10049,3333.36694310049
"PL619",3748195040.53163,3748.19504053163
"PL621",7406693967.12902,7406.69396712902
"PL622",10375260502.2692,10375.2605022692
"PL623",6328254119.92694,6328.25411992694
"PL633",468796074.252273,468.796074252273
"PL634",4209887417.15927,4209.88741715927
"PL636",5373372847.37245,5373.37284737244
"PL637",4079903800.30424,4079.90380030424
"PL638",4087055017.98906,4087.05501798906
"PL711",301282130.078722,301.282130078723
"PL712",2098656421.82034,2098.65642182034
"PL713",5951346851.29409,5951.34685129409
"PL714",5733118239.06032,5733.11823906032
"PL715",4099818349.12706,4099.81834912706
"PL721",4981080361.16713,4981.08036116713
"PL722",6819110031.81156,6819.11003181156
"PL811",6045506309.7596,6045.5063097596
"PL812",9296903863.441,9296.903863441
"PL814",4225546982.43221,4225.54698243221
"PL815",5515721529.22404,5515.72152922404
"PL821",5535573559.63505,5535.57355963505
"PL822",4444625238.57587,4444.62523857587
"PL823",3548337065.82044,3548.33706582044
"PL824",4407190517.26691,4407.19051726691
"PL841",5097778746.93587,5097.77874693587
"PL842",8919816363.90196,8919.81636390196
"PL843",6323095086.49808,6323.09508649808
"PL911",466784300.843174,466.784300843174
"PL912",3118512440.02746,3118.51244002746
"PL913",2435070181.74955,2435.07018174955
"PL921",5826916984.03434,5826.91698403434
"PL922",5300960975.84095,5300.96097584095
"PL923",3298658976.96278,3298.65897696278
"PL924",6482421850.81164,6482.42185081163
"PL925",5933157492.03082,5933.15749203082
"PL926",2545096752.86918,2545.09675286918
"PT111",2225210881.15891,2225.21088115891
"PT112",1218020064.65518,1218.02006465518
"PT119",1504063788.93789,1504.06378893789
"PT11A",2174749008.73272,2174.74900873272
"PT11B",2861884971.45756,2861.88497145756
"PT11C",1740533461.25808,1740.53346125808
"PT11D",4152974031.5182,4152.9740315182
"PT11E",5451317084.49361,5451.31708449361
"PT150",5047529930.61726,5047.52993061726
"PT16B",2285073497.85586,2285.07349785586
"UKC12",291053035.228818,291.053035228818
"UKC13",156880390.308701,156.880390308701
"UKC14",2261308737.0372,2261.3087370372
"UKC21",5038266498.36253,5038.26649836253
"UKC22",420647590.87272,420.64759087272
"UKC23",104231037.21159,104.23103721159
"UKD11",2054261549.10556,2054.26154910556
"UKD12",4793910300.99934,4793.91030099934
"UKD33",106992841.859727,106.992841859727
"UKD34",180155524.895535,180.155524895535
"UKD35",199154313.772435,199.154313772435
"UKD36",322376961.492867,322.376961492867
"UKD37",424806680.317292,424.806680317292
"UKD41",138488179.205873,138.488179205873
"UKJ25",1024531469.36543,1024.53146936543
"UKJ26",712711668.739036,712.711668739036
"UKJ27",1142353505.09493,1142.35350509493
"UKJ28",874501083.255429,874.501083255429
"UKJ31",26795675.1950223,26.7956751950223
"UKJ32",29711642.3513001,29.7116423513001
"UKJ34",339229675.001165,339.229675001165
"UKJ35",229463058.2209,229.4630582209
"UKJ36",2505632340.21609,2505.63234021609
"UKJ37",809610550.413803,809.610550413803
"UKJ41",190329136.784517,190.329136784517
"UKJ43",504646144.530653,504.646144530653
"UKJ44",1031985795.77759,1031.98579577759
"UKJ45",936296944.689624,936.296944689624
"UKL23",928158816.646204,928.158816646204
"UKL24",5415031591.42924,5415.03159142924
"UKK12",1216926697.81954,1216.92669781954
"UKK13",2571451386.92532,2571.45138692532
"UKK14",226713503.787356,226.713503787356
"UKK15",3281165104.34913,3281.16510434913
"UKK24",165986619.285743,165.986619285743
"UKK25",2604056056.61517,2604.05605661517
"UKK23",3528948119.39393,3528.94811939393
"UKK30",3576286967.21503,3576.28696721504
"UKM84",461368799.260571,461.368799260571
"UKM91",4647646676.28395,4647.64667628395
"UKM92",6368469825.82495,6368.46982582495
"UKM93",1777393372.06676,1777.39337206676
"UKM94",1138023412.13246,1138.02341213246
"UKM95",1728484701.09501,1728.48470109501
"UKN06",89085818.878352,89.085818878352
"UKN07",1357294388.91006,1357.29438891006
"UKN08",1628100569.17426,1628.10056917426
"UKN09",376096619.941197,376.096619941197
"UKN0A",1245437081.30797,1245.43708130797
"UKN0B",1979813695.34866,1979.81369534866
"UKN0C",2057088190.64938,2057.08819064938
"UKN0D",743289566.61055,743.28956661055
"UKN0E",521070597.694189,521.070597694189
"PT200",2364163750.36041,2364.16375036041
"PT300",903912580.449929,903.912580449929
"RO111",7592919445.25339,7592.91944525339
"RO112",5355712742.21658,5355.71274221658
"RO113",6802756419.8058,6802.7564198058
"RO114",6192451791.36912,6192.45179136912
"RO115",4501114944.17303,4501.11494417303
"RO116",3795373157.5036,3795.3731575036
"RO121",6132450480.81017,6132.45048081017
"TR222",9020885492.16593,9020.88549216593
"TR310",11458853938.0743,11458.8539380743
"TR321",7771409922.75294,7771.40992275294
"TR322",11724731015.5085,11724.7310155085
"TR323",12359237316.2444,12359.2373162444
"TR331",13564718667.1085,13564.7186671085
"TR332",14841343995.7528,14841.3439957528
"TR333",12183828700.3711,12183.8287003711
"TR334",5365081835.29529,5365.08183529529
"TR411",10841798785.114,10841.798785114
"TR412",13883720109.9856,13883.7201099856
"TR413",4357170798.72205,4357.17079872205
"TR421",3755774214.5688,3755.7742145688
"TR422",4803703358.95289,4803.70335895289
"TR423",2536258875.76386,2536.25887576386
"TR424",8518554007.42272,8518.55400742272
"TR425",677888342.548259,677.888342548259
"TRC31",8683717310.19381,8683.71731019381
"TRC32",4730105642.01284,4730.10564201284
"TRC33",6985387213.3427,6985.3872133427
"TRC34",5349701341.42122,5349.70134142122
"UKC11",275129745.445153,275.129745445153
"UKD42",23225842.9303558,23.2258429303558
"UKD44",905514870.546449,905.514870546449
"UKD45",933270459.481185,933.270459481185
"UKD46",524315424.249171,524.315424249171
"UKD47",581411028.031648,581.411028031648
"UKD61",143555471.287388,143.555471287388
"UKD62",1295377428.48388,1295.37742848388
"UKD63",881472545.763438,881.472545763438
"UKD71",346886237.401509,346.886237401509
"UKD72",81356434.6831388,81.3564346831388
"UKD73",117527410.52053,117.52741052053
"UKD74",130411848.992475,130.411848992475
"UKE11",73122715.9238217,73.1227159238217
"UKE12",2471848911.85897,2471.84891185897
"UKE13",1047943231.20704,1047.94323120704
"UKE21",222935202.639612,222.935202639612
"UKE22",8222686092.73919,8222.68609273919
"UKE31",1222103442.28891,1222.10344228891
"UKE32",352462320.402395,352.462320402396
"UKE41",379606853.070663,379.606853070663
"UKE42",513241560.077129,513.241560077129
"UKE44",768671825.492195,768.671825492195
"UKE45",310639062.305828,310.639062305828
"UKF11",75621831.9177605,75.6218319177605
"UKF12",491881169.624404,491.881169624404
"UKF13",2110697174.88591,2110.69717488591
"UKF14",45555878.9373837,45.5558789373837
"UKF15",1496632724.63406,1496.63272463406
"UKF16",578756608.137566,578.756608137566
"UKF21",70581063.9683384,70.5810639683384
"UKF22",2544855009.51118,2544.85500951118
"UKF24",1401738958.12013,1401.73895812013
"UKF25",997255320.847065,997.255320847065
"UKF30",5943810582.72017,5943.81058272017
"UKG11",2125840224.87917,2125.84022487917
"UKG12",1877707132.68032,1877.70713268032
"UKG13",2021928410.12191,2021.92841012191
"UKG21",265794271.842655,265.794271842655
"UKG22",3121854654.5834,3121.8546545834
"UKG23",93127776.9070314,93.1277769070314
"UKG24",2533186456.34712,2533.18645634712
"UKM50",6451266843.69223,6451.26684369223
"UKM61",13099356515.7459,13099.3565157459
"UKM62",8097467804.99884,8097.46780499884
"UKM63",14713890280.6369,14713.8902806369
"UKM64",3353816029.78644,3353.81602978644
"UKM65",1071370683.88611,1071.37068388611
"UKM66",1576376777.14276,1576.37677714276
"UKM71",2095203815.9786,2095.2038159786
"UKM72",1270063815.07939,1270.06381507939
"UKM73",1092044016.56717,1092.04401656717
"UKM75",212281548.272688,212.281548272688
"UKM76",354941360.403384,354.941360403384
"UKM77",7665098366.81522,7665.09836681522
"UKM78",492594013.684432,492.594013684432
"UKM81",752434163.38845,752.43416338845
"UKM82",153630220.931298,153.630220931298
"UKM83",558369557.159227,558.369557159227
"SK032",9525384982.06309,9525.38498206309
"SK041",8925305145.90767,8925.30514590767
"SK042",6722055081.97655,6722.05508197655
"TR100",5001630205.26239,5001.63020526239
"TR211",6290955076.22746,6290.95507622746
"TR212",5857639518.33241,5857.63951833241
"TR213",6644972273.44894,6644.97227344894
"TR221",14593652298.4697,14593.6522984697
"HR05",638016169.422972,638.016169422972
"HR06",8198854810.84179,8198.85481084179
"ITG2F",1253713044.91012,1253.71304491012
"BE329",226752522.783917,226.752522783917
"NO02",52066304185.378,52066.304185378
"NO06",43219877650.4446,43219.8776504446
"NO08",25048612393.5845,25048.6123935845
"NO09",34171778525.2179,34171.7785252179
"NO0A",63237241228.2117,63237.2412282117
"UKH21",16604986.11817,16.60498611817
"UKH23",1671932847.30946,1671.93284730946
"UKH24",429069638.697802,429.069638697802
"UKH25",713484479.638665,713.484479638665
"UKH31",35345593.9031322,35.3455939031322
"UKH32",130475898.305401,130.475898305401
"UKH34",1176702027.38003,1176.70202738003
"UKH35",982561611.574536,982.561611574536
"UKH36",851194836.782202,851.194836782202
"UKH37",238311023.2528,238.3110232528
"UKI31",27998819.3432622,27.9988193432622
"UKI32",17727951.1610175,17.7279511610175
"UKI33",21176320.9791837,21.1763209791837
"UKI34",40784180.653145,40.784180653145
"UKI41",51268395.4375296,51.2683954375296
"UKI42",11790302.6477214,11.7903026477214
"NO07",117310209584.971,117310.209584971
"TR633",3204415974.6078,3204.4159746078
"TR711",4738398253.53375,4738.39825353375
"TR712",7861951655.25455,7861.95165525455
"TR713",7362217178.58397,7362.21717858397
"TR714",5403616599.61232,5403.61659961232
"TR715",6343195688.69053,6343.19568869053
"TR721",17350902701.9784,17350.9027019784
"TR722",28668000429.6575,28668.0004296575
"TR723",14005507074.1741,14005.5070741741
"TR811",3392059321.13871,3392.05932113871
"TR812",3979592907.21136,3979.59290721136
"TR813",2075582349.46648,2075.58234946648
"TR821",13314202048.808,13314.202048808
"TR822",7369401932.74491,7369.40193274491
"TR823",6105675117.15032,6105.67511715032
"TR831",9335862684.13062,9335.86268413062
"TR832",10081854391.6999,10081.8543916999
"TR833",12972345494.5172,12972.3454945172
"TR834",5659490283.08866,5659.49028308866
"TR901",4445987189.20015,4445.98718920015
"TR902",5838896798.05744,5838.89679805744
"TR903",6940158841.08307,6940.15884108307
"TR904",3999013766.75114,3999.01376675114
"TR905",7496249998.11994,7496.24999811994
"TR906",6320979832.63407,6320.97983263407
"TRA11",25196885192.1504,25196.8851921504
"TRA12",11760237451.9457,11760.2374519457
"TRA13",3817033094.27087,3817.03309427087
"TRA21",11405402879.8213,11405.4028798213
"TRA22",10014290840.6896,10014.2908406896
"TRA23",3395501498.39917,3395.50149839917
"TRA24",5050219786.93545,5050.21978693545
"TRB11",12126792990.4261,12126.7929904261
"TRB12",9285861692.85328,9285.86169285328
"TRB13",8262812653.75958,8262.81265375958
"TRB14",7693818156.41227,7693.81815641227
"TRB21",20635391847.0818,20635.3918470818
"TRB22",7880117911.72524,7880.11791172524
"TRB23",8778529245.89483,8778.52924589483
"TRB24",6948773328.52733,6948.77332852733
"TRC11",6720446025.12145,6720.44602512145
"TRC12",7476718808.29638,7476.71880829638
"TRC13",1313915670.05365,1313.91567005365
"TRC21",19397646945.297,19397.646945297
"TRC22",15273868937.5138,15273.8689375138
"NO0B2",62600340851.8327,62600.3408518327
"NO0B",62972916721.9917,62972.9167219917
"NO0B1",372575870.158963,372.575870158963
